ALWAYS ,三丁目の夕日,,,
HUNTER×,HUNTER,,,
Re:ゼロから始める,異世界生活,,,
いま、,会いにゆきます,,,
かぐや様は,告らせたい,,,
この世界の片隅に,,,,
この素晴らしい世界に,祝福を！,,,
とある科学の,超電磁砲,,,
とある魔術の,禁書目録,,,
となりの,トトロ,,,
やはり俺の青春ラブコメは,まちがっている。,,,
るろうに,剣心,,,
カメラを,止めるな！,,,
コードギアス,反逆のルルーシュ,,,
シン・,ゴジラ,,,
ジョジョの,奇妙な冒険,,,
ソードアート,オンライン,,,
ドラえもんシリーズ,のび太の新恐竜,,,
ドライブ・マイ・,カー,,,
ノーゲーム,ノーライフ,,,
ハウルの,動く城,,,
バケモノの,子,,,
ミュウツーの,逆襲,,,
七つの,大罪,,,
万引き,家族,,,
世界の中心で、,愛をさけぶ,,,
五等分の,花嫁,,,
借りぐらしの,アリエッティ,,,
僕の,ヒーローアカデミア,,,
僕の初恋を,キミに捧ぐ,,,
冴えない彼女の,育てかた,,,
劇場版 呪術廻戦 ,0,,,
劇場版 鬼滅の刃, 無限列車編,,,
千と千尋の,神隠し,,,
名探偵,コナン,,,
名探偵コナン,ゼロの執行人,,,
崖の上の,ポニョ,,,
嵐を呼ぶ モーレツ！）,オトナ帝国の逆襲,,,
平成狸合戦,ぽんぽこ,,,
幸福の黄色い,ハンカチ,,,
彼女、,お借りします,,,
思い出の,マーニー,,,
恋は,雨上がりのように,,,
戦場の,メリークリスマス,,,
時をかける,少女,,,
永遠の,0,,,
涼宮ハルヒの,憂鬱,,,
炎炎ノ,消防隊,,,
男は,つらいよ,,,
盾の勇者の,成り上がり,,,
美少女戦士,セーラームーン,,,
踊る,大捜査線,,,
転生したら,スライムだった件,,,
進撃の,巨人,,,
鋼の,錬金術師,,,
青春ブタ野郎は,バニーガール先輩の夢を見ない,,,
鬼滅の,刃,,,
魔法少女,まどか☆マギカ,,,
魔法科高校の,劣等生,,,
コンビニ,人間,,,
すべては,君に語った,,,
アンドロイドは,電気羊の夢を見るか？,,,
コンビニで働くって,こういうこと,,,
君の膵臓を,たべたい,,,
夜は短し,歩けよ乙女,,,
ダンス・ダンス,・ダンス,,,
神様、仏様、,いっぴん様,,,
ビル・ゲイツに学ぶ,経済学,,,
カントク、,見てください,,,
親バカ,育成論,,,
死ぬこと以外,かすり傷,,,
霧島,部活やめるってよ,,,
ハリーポッターと,死の秘宝,,,
鬼平,犯科帳,,,
ちょっと今から,仕事辞めてくる,,,
探偵は,バーにいる,,,
オカンとオトンと,時々オトン,,,
貧乏父さん,金持ち父さん,,,
マリア様が,見てる,,,
時計仕掛けの,オレンジ,,,
ものすごいうるさくて,ありえなく近い,,,
陽気なギャングが,地球を回す,,,
チ,地球の運動について,,,
この中に一人,妹がいる,,,
死に至る,病,,,
100万回生きた,猫,,,
西部戦線,異常なし,,,
青春,ラリアット,,,
奥の,細道,,,
不思議の国の,アリス,,,
アルプスの少女,ハイジ,,,
賭博黙示録,カイジ,,,
ずっこけ,3人組,,,
醜い,アヒルの子,,,
走れ,メロス,,,
吾輩は,猫である,,,
団子,三兄弟.,,,
かわいい,だけじゃだめですか,,,
ぐりと,ぐら,,,
こんな夜更けに,バナナかよ,,,
90歳,何がめでたい,,,
ただ,君にはれ,,,
だから僕は,ぐら,,,
注文の多い,料理店,,,
もちもちの,木,,,
腹ペコ,あおむし,,,
ドリトル先生,航海記,,,
ちいちゃんの,影送り,,,
小さな,恋の歌,,,
犬神家の,一族,,,
がばい,ばあちゃん,,,
おかあさんと,一緒,,,
からかい上手の,高木さん,,,
地面師,たち,,,
葬送の,フリーレン,,,
ショーシャンクの,空に,,,
博士の愛した,数式
僕だけ,がいない待ち